date,region,channel,revenue_lakh_inr
2026-06-01,North_India,Web,16.191
2026-06-01,North_India,Mobile_App,16.33
2026-06-01,North_India,Store,10.521
2026-06-01,South_India,Web,13.625
2026-06-01,South_India,Mobile_App,14.481
2026-06-01,South_India,Store,9.501
2026-06-01,East_India,Web,10.499
2026-06-01,East_India,Mobile_App,10.737
2026-06-01,East_India,Store,7.958
2026-06-01,West_India,Web,11.966
2026-06-01,West_India,Mobile_App,12.705
2026-06-01,West_India,Store,8.165
2026-06-02,North_India,Web,15.146
2026-06-02,North_India,Mobile_App,16.537
2026-06-02,North_India,Store,10.347
2026-06-02,South_India,Web,12.14
2026-06-02,South_India,Mobile_App,15.706
2026-06-02,South_India,Store,9.571
2026-06-02,East_India,Web,10.673
2026-06-02,East_India,Mobile_App,10.901
2026-06-02,East_India,Store,8.243
2026-06-02,West_India,Web,11.657
2026-06-02,West_India,Mobile_App,12.893
2026-06-02,West_India,Store,9.254
2026-06-03,North_India,Web,14.66
2026-06-03,North_India,Mobile_App,15.338
2026-06-03,North_India,Store,10.245
2026-06-03,South_India,Web,11.474
2026-06-03,South_India,Mobile_App,16.157
2026-06-03,South_India,Store,9.263
2026-06-03,East_India,Web,10.032
2026-06-03,East_India,Mobile_App,12.772
2026-06-03,East_India,Store,6.757
2026-06-03,West_India,Web,11.921
2026-06-03,West_India,Mobile_App,11.565
2026-06-03,West_India,Store,7.922
2026-06-04,North_India,Web,13.638
2026-06-04,North_India,Mobile_App,18.274
2026-06-04,North_India,Store,11.613
2026-06-04,South_India,Web,13.037
2026-06-04,South_India,Mobile_App,15.967
2026-06-04,South_India,Store,9.397
2026-06-04,East_India,Web,10.858
2026-06-04,East_India,Mobile_App,11.458
2026-06-04,East_India,Store,6.731
2026-06-04,West_India,Web,10.3
2026-06-04,West_India,Mobile_App,13.503
2026-06-04,West_India,Store,9.363
2026-06-05,North_India,Web,14.938
2026-06-05,North_India,Mobile_App,16.271
2026-06-05,North_India,Store,11.705
2026-06-05,South_India,Web,13.489
2026-06-05,South_India,Mobile_App,15.293
2026-06-05,South_India,Store,9.644
2026-06-05,East_India,Web,10.417
2026-06-05,East_India,Mobile_App,11.777
2026-06-05,East_India,Store,6.854
2026-06-05,West_India,Web,11.898
2026-06-05,West_India,Mobile_App,13.125
2026-06-05,West_India,Store,8.841
2026-06-06,North_India,Web,16.1
2026-06-06,North_India,Mobile_App,16.664
2026-06-06,North_India,Store,11.69
2026-06-06,South_India,Web,16.415
2026-06-06,South_India,Mobile_App,16.632
2026-06-06,South_India,Store,10.072
2026-06-06,East_India,Web,10.918
2026-06-06,East_India,Mobile_App,12.593
2026-06-06,East_India,Store,8.249
2026-06-06,West_India,Web,12.02
2026-06-06,West_India,Mobile_App,16.112
2026-06-06,West_India,Store,9.083
2026-06-07,North_India,Web,16.571
2026-06-07,North_India,Mobile_App,20.44
2026-06-07,North_India,Store,12.821
2026-06-07,South_India,Web,14.706
2026-06-07,South_India,Mobile_App,17.363
2026-06-07,South_India,Store,11.109
2026-06-07,East_India,Web,11.624
2026-06-07,East_India,Mobile_App,12.006
2026-06-07,East_India,Store,8.73
2026-06-07,West_India,Web,13.63
2026-06-07,West_India,Mobile_App,15.153
2026-06-07,West_India,Store,8.728
2026-06-08,North_India,Web,14.527
2026-06-08,North_India,Mobile_App,16.205
2026-06-08,North_India,Store,10.311
2026-06-08,South_India,Web,14.335
2026-06-08,South_India,Mobile_App,16.595
2026-06-08,South_India,Store,9.882
2026-06-08,East_India,Web,10.846
2026-06-08,East_India,Mobile_App,12.487
2026-06-08,East_India,Store,7.494
2026-06-08,West_India,Web,11.498
2026-06-08,West_India,Mobile_App,12.666
2026-06-08,West_India,Store,8.222
2026-06-09,North_India,Web,16.693
2026-06-09,North_India,Mobile_App,17.676
2026-06-09,North_India,Store,10.284
2026-06-09,South_India,Web,12.923
2026-06-09,South_India,Mobile_App,14.412
2026-06-09,South_India,Store,9.713
2026-06-09,East_India,Web,10.747
2026-06-09,East_India,Mobile_App,10.961
2026-06-09,East_India,Store,7.719
2026-06-09,West_India,Web,11.155
2026-06-09,West_India,Mobile_App,14.33
2026-06-09,West_India,Store,8.328
2026-06-10,North_India,Web,16.215
2026-06-10,North_India,Mobile_App,16.338
2026-06-10,North_India,Store,10.319
2026-06-10,South_India,Web,13.539
2026-06-10,South_India,Mobile_App,16.163
2026-06-10,South_India,Store,9.823
2026-06-10,East_India,Web,9.723
2026-06-10,East_India,Mobile_App,12.132
2026-06-10,East_India,Store,7.51
2026-06-10,West_India,Web,11.253
2026-06-10,West_India,Mobile_App,12.687
2026-06-10,West_India,Store,9.115
2026-06-11,North_India,Web,14.356
2026-06-11,North_India,Mobile_App,15.947
2026-06-11,North_India,Store,10.901
2026-06-11,South_India,Web,13.404
2026-06-11,South_India,Mobile_App,15.131
2026-06-11,South_India,Store,9.945
2026-06-11,East_India,Web,10.808
2026-06-11,East_India,Mobile_App,12.261
2026-06-11,East_India,Store,7.934
2026-06-11,West_India,Web,11.747
2026-06-11,West_India,Mobile_App,12.711
2026-06-11,West_India,Store,8.071
2026-06-12,North_India,Web,14.241
2026-06-12,North_India,Mobile_App,17.011
2026-06-12,North_India,Store,9.821
2026-06-12,South_India,Web,11.838
2026-06-12,South_India,Mobile_App,15.28
2026-06-12,South_India,Store,8.738
2026-06-12,East_India,Web,9.27
2026-06-12,East_India,Mobile_App,12.269
2026-06-12,East_India,Store,7.18
2026-06-12,West_India,Web,11.894
2026-06-12,West_India,Mobile_App,12.78
2026-06-12,West_India,Store,7.695
2026-06-13,North_India,Web,15.236
2026-06-13,North_India,Mobile_App,18.235
2026-06-13,North_India,Store,11.567
2026-06-13,South_India,Web,14.16
2026-06-13,South_India,Mobile_App,16.737
2026-06-13,South_India,Store,9.659
2026-06-13,East_India,Web,11.77
2026-06-13,East_India,Mobile_App,11.994
2026-06-13,East_India,Store,8.302
2026-06-13,West_India,Web,13.477
2026-06-13,West_India,Mobile_App,15.753
2026-06-13,West_India,Store,10.19
2026-06-14,North_India,Web,14.927
2026-06-14,North_India,Mobile_App,19.673
2026-06-14,North_India,Store,12.611
2026-06-14,South_India,Web,15.772
2026-06-14,South_India,Mobile_App,16.075
2026-06-14,South_India,Store,10.903
2026-06-14,East_India,Web,13.072
2026-06-14,East_India,Mobile_App,12.233
2026-06-14,East_India,Store,8.64
2026-06-14,West_India,Web,13.799
2026-06-14,West_India,Mobile_App,14.166
2026-06-14,West_India,Store,9.563
2026-06-15,North_India,Web,13.755
2026-06-15,North_India,Mobile_App,15.981
2026-06-15,North_India,Store,9.985
2026-06-15,South_India,Web,13.453
2026-06-15,South_India,Mobile_App,15.117
2026-06-15,South_India,Store,10.044
2026-06-15,East_India,Web,9.908
2026-06-15,East_India,Mobile_App,11.905
2026-06-15,East_India,Store,7.932
2026-06-15,West_India,Web,11.939
2026-06-15,West_India,Mobile_App,12.151
2026-06-15,West_India,Store,8.579
2026-06-16,North_India,Web,14.278
2026-06-16,North_India,Mobile_App,17.188
2026-06-16,North_India,Store,10.689
2026-06-16,South_India,Web,14.273
2026-06-16,South_India,Mobile_App,15.306
2026-06-16,South_India,Store,8.443
2026-06-16,East_India,Web,9.637
2026-06-16,East_India,Mobile_App,12.526
2026-06-16,East_India,Store,7.384
2026-06-16,West_India,Web,12.339
2026-06-16,West_India,Mobile_App,13.417
2026-06-16,West_India,Store,7.879
2026-06-17,North_India,Web,15.655
2026-06-17,North_India,Mobile_App,15.986
2026-06-17,North_India,Store,9.207
2026-06-17,South_India,Web,14.947
2026-06-17,South_India,Mobile_App,13.457
2026-06-17,South_India,Store,9.863
2026-06-17,East_India,Web,11.091
2026-06-17,East_India,Mobile_App,12.106
2026-06-17,East_India,Store,6.742
2026-06-17,West_India,Web,12.253
2026-06-17,West_India,Mobile_App,12.058
2026-06-17,West_India,Store,7.585
2026-06-18,North_India,Web,14.381
2026-06-18,North_India,Mobile_App,17.595
2026-06-18,North_India,Store,10.689
2026-06-18,South_India,Web,13.947
2026-06-18,South_India,Mobile_App,14.795
2026-06-18,South_India,Store,9.402
2026-06-18,East_India,Web,9.784
2026-06-18,East_India,Mobile_App,11.772
2026-06-18,East_India,Store,7.767
2026-06-18,West_India,Web,11.342
2026-06-18,West_India,Mobile_App,13.577
2026-06-18,West_India,Store,7.966
2026-06-19,North_India,Web,14.178
2026-06-19,North_India,Mobile_App,16.839
2026-06-19,North_India,Store,10.377
2026-06-19,South_India,Web,13.773
2026-06-19,South_India,Mobile_App,15.363
2026-06-19,South_India,Store,10.492
2026-06-19,East_India,Web,10.362
2026-06-19,East_India,Mobile_App,11.836
2026-06-19,East_India,Store,7.032
2026-06-19,West_India,Web,11.566
2026-06-19,West_India,Mobile_App,13.741
2026-06-19,West_India,Store,7.884
2026-06-20,North_India,Web,16.415
2026-06-20,North_India,Mobile_App,19.627
2026-06-20,North_India,Store,11.67
2026-06-20,South_India,Web,14.432
2026-06-20,South_India,Mobile_App,18.018
2026-06-20,South_India,Store,10.702
2026-06-20,East_India,Web,12.04
2026-06-20,East_India,Mobile_App,14.385
2026-06-20,East_India,Store,8.977
2026-06-20,West_India,Web,12.667
2026-06-20,West_India,Mobile_App,14.318
2026-06-20,West_India,Store,9.398
2026-06-21,North_India,Web,16.333
2026-06-21,North_India,Mobile_App,16.671
2026-06-21,North_India,Store,12.66
2026-06-21,South_India,Web,14.913
2026-06-21,South_India,Mobile_App,17.776
2026-06-21,South_India,Store,9.891
2026-06-21,East_India,Web,12.669
2026-06-21,East_India,Mobile_App,12.966
2026-06-21,East_India,Store,8.346
2026-06-21,West_India,Web,11.848
2026-06-21,West_India,Mobile_App,14.636
2026-06-21,West_India,Store,9.113
2026-06-22,North_India,Web,14.537
2026-06-22,North_India,Mobile_App,17.242
2026-06-22,North_India,Store,10.538
2026-06-22,South_India,Web,14.079
2026-06-22,South_India,Mobile_App,14.773
2026-06-22,South_India,Store,8.932
2026-06-22,East_India,Web,10.488
2026-06-22,East_India,Mobile_App,12.452
2026-06-22,East_India,Store,8.06
2026-06-22,West_India,Web,12.114
2026-06-22,West_India,Mobile_App,11.802
2026-06-22,West_India,Store,8.437
2026-06-23,North_India,Web,15.988
2026-06-23,North_India,Mobile_App,16.863
2026-06-23,North_India,Store,10.175
2026-06-23,South_India,Web,13.547
2026-06-23,South_India,Mobile_App,14.741
2026-06-23,South_India,Store,9.864
2026-06-23,East_India,Web,10.492
2026-06-23,East_India,Mobile_App,13.003
2026-06-23,East_India,Store,7.725
2026-06-23,West_India,Web,11.048
2026-06-23,West_India,Mobile_App,13.679
2026-06-23,West_India,Store,8.713
2026-06-24,North_India,Web,14.199
2026-06-24,North_India,Mobile_App,16.371
2026-06-24,North_India,Store,9.048
2026-06-24,South_India,Web,14.021
2026-06-24,South_India,Mobile_App,14.664
2026-06-24,South_India,Store,8.29
2026-06-24,East_India,Web,9.386
2026-06-24,East_India,Mobile_App,11.839
2026-06-24,East_India,Store,7.842
2026-06-24,West_India,Web,11.488
2026-06-24,West_India,Mobile_App,13.574
2026-06-24,West_India,Store,7.705
2026-06-25,North_India,Web,13.517
2026-06-25,North_India,Mobile_App,17.693
2026-06-25,North_India,Store,10.81
2026-06-25,South_India,Web,13.276
2026-06-25,South_India,Mobile_App,16.369
2026-06-25,South_India,Store,8.958
2026-06-25,East_India,Web,10.235
2026-06-25,East_India,Mobile_App,12.739
2026-06-25,East_India,Store,8.327
2026-06-25,West_India,Web,11.556
2026-06-25,West_India,Mobile_App,14.53
2026-06-25,West_India,Store,7.952
2026-06-26,North_India,Web,14.991
2026-06-26,North_India,Mobile_App,16.625
2026-06-26,North_India,Store,9.499
2026-06-26,South_India,Web,13.506
2026-06-26,South_India,Mobile_App,16.051
2026-06-26,South_India,Store,9.415
2026-06-26,East_India,Web,10.456
2026-06-26,East_India,Mobile_App,13.003
2026-06-26,East_India,Store,6.938
2026-06-26,West_India,Web,10.512
2026-06-26,West_India,Mobile_App,12.682
2026-06-26,West_India,Store,7.658
2026-06-27,North_India,Web,17.794
2026-06-27,North_India,Mobile_App,19.166
2026-06-27,North_India,Store,11.15
2026-06-27,South_India,Web,14.347
2026-06-27,South_India,Mobile_App,19.946
2026-06-27,South_India,Store,10.251
2026-06-27,East_India,Web,11.222
2026-06-27,East_India,Mobile_App,13.685
2026-06-27,East_India,Store,8.722
2026-06-27,West_India,Web,13.108
2026-06-27,West_India,Mobile_App,13.978
2026-06-27,West_India,Store,8.597
2026-06-28,North_India,Web,17.053
2026-06-28,North_India,Mobile_App,18.755
2026-06-28,North_India,Store,10.602
2026-06-28,South_India,Web,15.943
2026-06-28,South_India,Mobile_App,17.816
2026-06-28,South_India,Store,10.486
2026-06-28,East_India,Web,11.576
2026-06-28,East_India,Mobile_App,13.627
2026-06-28,East_India,Store,8.054
2026-06-28,West_India,Web,11.889
2026-06-28,West_India,Mobile_App,15.07
2026-06-28,West_India,Store,8.442
2026-06-29,North_India,Web,15.045
2026-06-29,North_India,Mobile_App,15.347
2026-06-29,North_India,Store,10.437
2026-06-29,South_India,Web,13.192
2026-06-29,South_India,Mobile_App,16.826
2026-06-29,South_India,Store,8.893
2026-06-29,East_India,Web,9.609
2026-06-29,East_India,Mobile_App,11.535
2026-06-29,East_India,Store,6.994
2026-06-29,West_India,Web,11.141
2026-06-29,West_India,Mobile_App,13.533
2026-06-29,West_India,Store,8.632
2026-06-30,North_India,Web,16.164
2026-06-30,North_India,Mobile_App,16.057
2026-06-30,North_India,Store,12.162
2026-06-30,South_India,Web,14.882
2026-06-30,South_India,Mobile_App,15.014
2026-06-30,South_India,Store,8.194
2026-06-30,East_India,Web,10.448
2026-06-30,East_India,Mobile_App,12.052
2026-06-30,East_India,Store,6.465
2026-06-30,West_India,Web,11.601
2026-06-30,West_India,Mobile_App,13.041
2026-06-30,West_India,Store,7.861
2026-07-01,North_India,Web,15.253
2026-07-01,North_India,Mobile_App,17.813
2026-07-01,North_India,Store,10.194
2026-07-01,South_India,Web,13.483
2026-07-01,South_India,Mobile_App,14.603
2026-07-01,South_India,Store,9.052
2026-07-01,East_India,Web,10.55
2026-07-01,East_India,Mobile_App,12.377
2026-07-01,East_India,Store,7.247
2026-07-01,West_India,Web,10.016
2026-07-01,West_India,Mobile_App,13.664
2026-07-01,West_India,Store,7.46
2026-07-02,North_India,Web,14.808
2026-07-02,North_India,Mobile_App,18.593
2026-07-02,North_India,Store,10.489
2026-07-02,South_India,Web,12.351
2026-07-02,South_India,Mobile_App,13.867
2026-07-02,South_India,Store,10.167
2026-07-02,East_India,Web,10.489
2026-07-02,East_India,Mobile_App,12.389
2026-07-02,East_India,Store,7.917
2026-07-02,West_India,Web,11.516
2026-07-02,West_India,Mobile_App,12.956
2026-07-02,West_India,Store,7.781
2026-07-03,North_India,Web,11.981
2026-07-03,North_India,Mobile_App,15.27
2026-07-03,North_India,Store,10.456
2026-07-03,South_India,Web,13.16
2026-07-03,South_India,Mobile_App,15.568
2026-07-03,South_India,Store,9.428
2026-07-03,East_India,Web,10.6
2026-07-03,East_India,Mobile_App,12.567
2026-07-03,East_India,Store,7.102
2026-07-03,West_India,Web,11.351
2026-07-03,West_India,Mobile_App,11.927
2026-07-03,West_India,Store,8.732
2026-07-04,North_India,Web,16.502
2026-07-04,North_India,Mobile_App,19.369
2026-07-04,North_India,Store,12.848
2026-07-04,South_India,Web,15.861
2026-07-04,South_India,Mobile_App,16.963
2026-07-04,South_India,Store,11.143
2026-07-04,East_India,Web,10.75
2026-07-04,East_India,Mobile_App,13.79
2026-07-04,East_India,Store,8.47
2026-07-04,West_India,Web,11.68
2026-07-04,West_India,Mobile_App,15.97
2026-07-04,West_India,Store,8.85
2026-07-05,North_India,Web,17.139
2026-07-05,North_India,Mobile_App,18.342
2026-07-05,North_India,Store,12.461
2026-07-05,South_India,Web,16.069
2026-07-05,South_India,Mobile_App,16.176
2026-07-05,South_India,Store,9.663
2026-07-05,East_India,Web,11.667
2026-07-05,East_India,Mobile_App,14.125
2026-07-05,East_India,Store,8.213
2026-07-05,West_India,Web,12.46
2026-07-05,West_India,Mobile_App,15.217
2026-07-05,West_India,Store,7.709
2026-07-06,North_India,Web,14.114
2026-07-06,North_India,Mobile_App,15.405
2026-07-06,North_India,Store,10.686
2026-07-06,South_India,Web,12.712
2026-07-06,South_India,Mobile_App,14.183
2026-07-06,South_India,Store,9.298
2026-07-06,East_India,Web,9.575
2026-07-06,East_India,Mobile_App,11.991
2026-07-06,East_India,Store,7.193
2026-07-06,West_India,Web,11.288
2026-07-06,West_India,Mobile_App,12.632
2026-07-06,West_India,Store,8.702
2026-07-07,North_India,Web,14.604
2026-07-07,North_India,Mobile_App,17.329
2026-07-07,North_India,Store,10.802
2026-07-07,South_India,Web,12.657
2026-07-07,South_India,Mobile_App,15.72
2026-07-07,South_India,Store,9.699
2026-07-07,East_India,Web,10.698
2026-07-07,East_India,Mobile_App,11.713
2026-07-07,East_India,Store,7.308
2026-07-07,West_India,Web,12.094
2026-07-07,West_India,Mobile_App,14.928
2026-07-07,West_India,Store,7.839
2026-07-08,North_India,Web,15.171
2026-07-08,North_India,Mobile_App,16.431
2026-07-08,North_India,Store,10.994
2026-07-08,South_India,Web,13.65
2026-07-08,South_India,Mobile_App,16.167
2026-07-08,South_India,Store,7.907
2026-07-08,East_India,Web,10.121
2026-07-08,East_India,Mobile_App,11.289
2026-07-08,East_India,Store,7.451
2026-07-08,West_India,Web,11.048
2026-07-08,West_India,Mobile_App,12.692
2026-07-08,West_India,Store,8.588
2026-07-09,North_India,Web,16.378
2026-07-09,North_India,Mobile_App,13.954
2026-07-09,North_India,Store,10.304
2026-07-09,South_India,Web,13.549
2026-07-09,South_India,Mobile_App,15.204
2026-07-09,South_India,Store,9.303
2026-07-09,East_India,Web,9.647
2026-07-09,East_India,Mobile_App,11.321
2026-07-09,East_India,Store,7.826
2026-07-09,West_India,Web,12.296
2026-07-09,West_India,Mobile_App,13.277
2026-07-09,West_India,Store,7.836
2026-07-10,North_India,Web,14.784
2026-07-10,North_India,Mobile_App,16.558
2026-07-10,North_India,Store,10.844
2026-07-10,South_India,Web,13.394
2026-07-10,South_India,Mobile_App,14.633
2026-07-10,South_India,Store,9.609
2026-07-10,East_India,Web,9.757
2026-07-10,East_India,Mobile_App,12.59
2026-07-10,East_India,Store,8.032
2026-07-10,West_India,Web,10.733
2026-07-10,West_India,Mobile_App,13.533
2026-07-10,West_India,Store,7.759
2026-07-11,North_India,Web,17.523
2026-07-11,North_India,Mobile_App,19.837
2026-07-11,North_India,Store,11.598
2026-07-11,South_India,Web,15.785
2026-07-11,South_India,Mobile_App,16.584
2026-07-11,South_India,Store,10.23
2026-07-11,East_India,Web,11.359
2026-07-11,East_India,Mobile_App,13.326
2026-07-11,East_India,Store,8.237
2026-07-11,West_India,Web,13.056
2026-07-11,West_India,Mobile_App,14.238
2026-07-11,West_India,Store,9.664
2026-07-12,North_India,Web,17.473
2026-07-12,North_India,Mobile_App,18.256
2026-07-12,North_India,Store,10.753
2026-07-12,South_India,Web,15.543
2026-07-12,South_India,Mobile_App,18.187
2026-07-12,South_India,Store,10.536
2026-07-12,East_India,Web,10.852
2026-07-12,East_India,Mobile_App,13.655
2026-07-12,East_India,Store,9.168
2026-07-12,West_India,Web,11.48
2026-07-12,West_India,Mobile_App,15.208
2026-07-12,West_India,Store,9.066
2026-07-13,North_India,Web,13.945
2026-07-13,North_India,Mobile_App,17.302
2026-07-13,North_India,Store,9.682
2026-07-13,South_India,Web,13.537
2026-07-13,South_India,Mobile_App,16.398
2026-07-13,South_India,Store,9.601
2026-07-13,East_India,Web,9.948
2026-07-13,East_India,Mobile_App,10.719
2026-07-13,East_India,Store,6.923
2026-07-13,West_India,Web,10.274
2026-07-13,West_India,Mobile_App,14.467
2026-07-13,West_India,Store,8.127
2026-07-14,North_India,Web,13.778
2026-07-14,North_India,Mobile_App,15.491
2026-07-14,North_India,Store,9.828
2026-07-14,South_India,Web,13.032
2026-07-14,South_India,Mobile_App,14.03
2026-07-14,South_India,Store,10.455
2026-07-14,East_India,Web,10.029
2026-07-14,East_India,Mobile_App,11.437
2026-07-14,East_India,Store,7.638
2026-07-14,West_India,Web,12.555
2026-07-14,West_India,Mobile_App,14.249
2026-07-14,West_India,Store,8.009
2026-07-15,North_India,Web,14.925
2026-07-15,North_India,Mobile_App,16.95
2026-07-15,North_India,Store,10.834
2026-07-15,South_India,Web,13.504
2026-07-15,South_India,Mobile_App,14.339
2026-07-15,South_India,Store,8.782
2026-07-15,East_India,Web,10.611
2026-07-15,East_India,Mobile_App,11.148
2026-07-15,East_India,Store,8.113
2026-07-15,West_India,Web,11.578
2026-07-15,West_India,Mobile_App,12.387
2026-07-15,West_India,Store,8.091
2026-07-16,North_India,Web,14.253
2026-07-16,North_India,Mobile_App,16.668
2026-07-16,North_India,Store,11.096
2026-07-16,South_India,Web,12.147
2026-07-16,South_India,Mobile_App,13.497
2026-07-16,South_India,Store,9.693
2026-07-16,East_India,Web,10.388
2026-07-16,East_India,Mobile_App,12.118
2026-07-16,East_India,Store,7.7
2026-07-16,West_India,Web,11.425
2026-07-16,West_India,Mobile_App,13.833
2026-07-16,West_India,Store,7.808
2026-07-17,North_India,Web,14.757
2026-07-17,North_India,Mobile_App,15.963
2026-07-17,North_India,Store,9.788
2026-07-17,South_India,Web,13.791
2026-07-17,South_India,Mobile_App,15.719
2026-07-17,South_India,Store,8.393
2026-07-17,East_India,Web,9.793
2026-07-17,East_India,Mobile_App,12.21
2026-07-17,East_India,Store,7.982
2026-07-17,West_India,Web,11.088
2026-07-17,West_India,Mobile_App,13.054
2026-07-17,West_India,Store,7.55
2026-07-18,North_India,Web,18.944
2026-07-18,North_India,Mobile_App,19.352
2026-07-18,North_India,Store,12.391
2026-07-18,South_India,Web,15.484
2026-07-18,South_India,Mobile_App,17.977
2026-07-18,South_India,Store,11.028
2026-07-18,East_India,Web,11.523
2026-07-18,East_India,Mobile_App,14.04
2026-07-18,East_India,Store,8.44
2026-07-18,West_India,Web,13.942
2026-07-18,West_India,Mobile_App,14.132
2026-07-18,West_India,Store,8.94
2026-07-19,North_India,Web,17.117
2026-07-19,North_India,Mobile_App,20.261
2026-07-19,North_India,Store,11.862
2026-07-19,South_India,Web,14.259
2026-07-19,South_India,Mobile_App,16.902
2026-07-19,South_India,Store,10.322
2026-07-19,East_India,Web,13.098
2026-07-19,East_India,Mobile_App,14.165
2026-07-19,East_India,Store,9.037
2026-07-19,West_India,Web,13.17
2026-07-19,West_India,Mobile_App,14.292
2026-07-19,West_India,Store,9.89
2026-07-20,North_India,Web,16.159
2026-07-20,North_India,Mobile_App,17.387
2026-07-20,North_India,Store,10.485
2026-07-20,South_India,Web,14.163
2026-07-20,South_India,Mobile_App,14.862
2026-07-20,South_India,Store,9.936
2026-07-20,East_India,Web,10.052
2026-07-20,East_India,Mobile_App,11.301
2026-07-20,East_India,Store,7.755
2026-07-20,West_India,Web,11.784
2026-07-20,West_India,Mobile_App,14.708
2026-07-20,West_India,Store,8.111
2026-07-21,North_India,Web,14.721
2026-07-21,North_India,Mobile_App,15.651
2026-07-21,North_India,Store,9.322
2026-07-21,South_India,Web,11.879
2026-07-21,South_India,Mobile_App,15.622
2026-07-21,South_India,Store,8.829
2026-07-21,East_India,Web,11.21
2026-07-21,East_India,Mobile_App,13.024
2026-07-21,East_India,Store,7.372
2026-07-21,West_India,Web,12.699
2026-07-21,West_India,Mobile_App,13.38
2026-07-21,West_India,Store,8.807
2026-07-22,North_India,Web,14.501
2026-07-22,North_India,Mobile_App,17.767
2026-07-22,North_India,Store,9.906
2026-07-22,South_India,Web,13.797
2026-07-22,South_India,Mobile_App,14.781
2026-07-22,South_India,Store,9.426
2026-07-22,East_India,Web,10.898
2026-07-22,East_India,Mobile_App,12.124
2026-07-22,East_India,Store,7.467
2026-07-22,West_India,Web,12.054
2026-07-22,West_India,Mobile_App,13.836
2026-07-22,West_India,Store,7.564
2026-07-23,North_India,Web,15.193
2026-07-23,North_India,Mobile_App,17.476
2026-07-23,North_India,Store,10.026
2026-07-23,South_India,Web,13.608
2026-07-23,South_India,Mobile_App,13.992
2026-07-23,South_India,Store,10.32
2026-07-23,East_India,Web,10.35
2026-07-23,East_India,Mobile_App,11.943
2026-07-23,East_India,Store,8.039
2026-07-23,West_India,Web,11.451
2026-07-23,West_India,Mobile_App,13.674
2026-07-23,West_India,Store,7.732
2026-07-24,North_India,Web,14.197
2026-07-24,North_India,Mobile_App,15.396
2026-07-24,North_India,Store,10.369
2026-07-24,South_India,Web,14.123
2026-07-24,South_India,Mobile_App,15.404
2026-07-24,South_India,Store,10.004
2026-07-24,East_India,Web,9.853
2026-07-24,East_India,Mobile_App,11.364
2026-07-24,East_India,Store,7.291
2026-07-24,West_India,Web,11.947
2026-07-24,West_India,Mobile_App,13.482
2026-07-24,West_India,Store,8.242
2026-07-25,North_India,Web,17.079
2026-07-25,North_India,Mobile_App,18.645
2026-07-25,North_India,Store,11.745
2026-07-25,South_India,Web,16.062
2026-07-25,South_India,Mobile_App,16.425
2026-07-25,South_India,Store,10.757
2026-07-25,East_India,Web,12.897
2026-07-25,East_India,Mobile_App,13.522
2026-07-25,East_India,Store,8.756
2026-07-25,West_India,Web,12.465
2026-07-25,West_India,Mobile_App,16.52
2026-07-25,West_India,Store,7.993
2026-07-26,North_India,Web,15.343
2026-07-26,North_India,Mobile_App,17.626
2026-07-26,North_India,Store,12.903
2026-07-26,South_India,Web,15.211
2026-07-26,South_India,Mobile_App,16.756
2026-07-26,South_India,Store,9.822
2026-07-26,East_India,Web,12.017
2026-07-26,East_India,Mobile_App,13.532
2026-07-26,East_India,Store,8.051
2026-07-26,West_India,Web,11.778
2026-07-26,West_India,Mobile_App,13.806
2026-07-26,West_India,Store,9.358
2026-07-27,North_India,Web,14.974
2026-07-27,North_India,Mobile_App,16.874
2026-07-27,North_India,Store,10.405
2026-07-27,South_India,Web,11.889
2026-07-27,South_India,Mobile_App,15.244
2026-07-27,South_India,Store,8.911
2026-07-27,East_India,Web,10.526
2026-07-27,East_India,Mobile_App,12.335
2026-07-27,East_India,Store,7.196
2026-07-27,West_India,Web,10.841
2026-07-27,West_India,Mobile_App,13.987
2026-07-27,West_India,Store,8.424
2026-07-28,North_India,Web,14.138
2026-07-28,North_India,Mobile_App,13.776
2026-07-28,North_India,Store,10.469
2026-07-28,South_India,Web,13.802
2026-07-28,South_India,Mobile_App,16.223
2026-07-28,South_India,Store,9.114
2026-07-28,East_India,Web,10.095
2026-07-28,East_India,Mobile_App,11.681
2026-07-28,East_India,Store,7.877
2026-07-28,West_India,Web,10.736
2026-07-28,West_India,Mobile_App,13.111
2026-07-28,West_India,Store,7.792
2026-07-29,North_India,Web,14.937
2026-07-29,North_India,Mobile_App,15.233
2026-07-29,North_India,Store,10.737
2026-07-29,South_India,Web,12.904
2026-07-29,South_India,Mobile_App,14.996
2026-07-29,South_India,Store,9.8
2026-07-29,East_India,Web,11.221
2026-07-29,East_India,Mobile_App,10.778
2026-07-29,East_India,Store,7.952
2026-07-29,West_India,Web,11.937
2026-07-29,West_India,Mobile_App,12.967
2026-07-29,West_India,Store,8.945
2026-07-30,North_India,Web,14.866
2026-07-30,North_India,Mobile_App,18.104
2026-07-30,North_India,Store,10.127
2026-07-30,South_India,Web,12.608
2026-07-30,South_India,Mobile_App,16.317
2026-07-30,South_India,Store,10.734
2026-07-30,East_India,Web,10.899
2026-07-30,East_India,Mobile_App,12.642
2026-07-30,East_India,Store,7.287
2026-07-30,West_India,Web,10.632
2026-07-30,West_India,Mobile_App,13.021
2026-07-30,West_India,Store,8.993
2026-07-31,North_India,Web,13.059
2026-07-31,North_India,Mobile_App,16.301
2026-07-31,North_India,Store,9.294
2026-07-31,South_India,Web,13.386
2026-07-31,South_India,Mobile_App,15.997
2026-07-31,South_India,Store,8.792
2026-07-31,East_India,Web,10.242
2026-07-31,East_India,Mobile_App,12.955
2026-07-31,East_India,Store,7.46
2026-07-31,West_India,Web,10.691
2026-07-31,West_India,Mobile_App,12.158
2026-07-31,West_India,Store,7.253
2026-08-01,North_India,Web,17.228
2026-08-01,North_India,Mobile_App,17.974
2026-08-01,North_India,Store,12.501
2026-08-01,South_India,Web,15.671
2026-08-01,South_India,Mobile_App,16.35
2026-08-01,South_India,Store,10.303
2026-08-01,East_India,Web,12.309
2026-08-01,East_India,Mobile_App,13.56
2026-08-01,East_India,Store,8.535
2026-08-01,West_India,Web,11.658
2026-08-01,West_India,Mobile_App,15.58
2026-08-01,West_India,Store,8.755
2026-08-02,North_India,Web,14.222
2026-08-02,North_India,Mobile_App,18.12
2026-08-02,North_India,Store,12.058
2026-08-02,South_India,Web,16.77
2026-08-02,South_India,Mobile_App,16.643
2026-08-02,South_India,Store,9.791
2026-08-02,East_India,Web,13.258
2026-08-02,East_India,Mobile_App,13.569
2026-08-02,East_India,Store,8.268
2026-08-02,West_India,Web,12.101
2026-08-02,West_India,Mobile_App,13.893
2026-08-02,West_India,Store,10.06
2026-08-03,North_India,Web,14.461
2026-08-03,North_India,Mobile_App,16.258
2026-08-03,North_India,Store,10.179
2026-08-03,South_India,Web,14.551
2026-08-03,South_India,Mobile_App,14.662
2026-08-03,South_India,Store,9.858
2026-08-03,East_India,Web,10.668
2026-08-03,East_India,Mobile_App,12.172
2026-08-03,East_India,Store,7.105
2026-08-03,West_India,Web,12.006
2026-08-03,West_India,Mobile_App,14.474
2026-08-03,West_India,Store,8.224
2026-08-04,North_India,Web,13.889
2026-08-04,North_India,Mobile_App,15.498
2026-08-04,North_India,Store,10.62
2026-08-04,South_India,Web,13.083
2026-08-04,South_India,Mobile_App,15.105
2026-08-04,South_India,Store,9.507
2026-08-04,East_India,Web,9.57
2026-08-04,East_India,Mobile_App,12.563
2026-08-04,East_India,Store,7.605
2026-08-04,West_India,Web,11.498
2026-08-04,West_India,Mobile_App,13.384
2026-08-04,West_India,Store,8.708
2026-08-05,North_India,Web,14.747
2026-08-05,North_India,Mobile_App,15.943
2026-08-05,North_India,Store,11.235
2026-08-05,South_India,Web,12.954
2026-08-05,South_India,Mobile_App,14.538
2026-08-05,South_India,Store,8.61
2026-08-05,East_India,Web,10.505
2026-08-05,East_India,Mobile_App,11.246
2026-08-05,East_India,Store,7.266
2026-08-05,West_India,Web,11.861
2026-08-05,West_India,Mobile_App,13.226
2026-08-05,West_India,Store,8.753
2026-08-06,North_India,Web,14.969
2026-08-06,North_India,Mobile_App,16.393
2026-08-06,North_India,Store,10.292
2026-08-06,South_India,Web,12.895
2026-08-06,South_India,Mobile_App,15.789
2026-08-06,South_India,Store,9.512
2026-08-06,East_India,Web,10.241
2026-08-06,East_India,Mobile_App,12.608
2026-08-06,East_India,Store,7.543
2026-08-06,West_India,Web,11.227
2026-08-06,West_India,Mobile_App,12.002
2026-08-06,West_India,Store,8.467
2026-08-07,North_India,Web,14.911
2026-08-07,North_India,Mobile_App,16.852
2026-08-07,North_India,Store,10.227
2026-08-07,South_India,Web,12.635
2026-08-07,South_India,Mobile_App,14.993
2026-08-07,South_India,Store,9.632
2026-08-07,East_India,Web,10.419
2026-08-07,East_India,Mobile_App,11.896
2026-08-07,East_India,Store,7.289
2026-08-07,West_India,Web,11.785
2026-08-07,West_India,Mobile_App,13.385
2026-08-07,West_India,Store,7.878
2026-08-08,North_India,Web,17.215
2026-08-08,North_India,Mobile_App,19.709
2026-08-08,North_India,Store,12.334
2026-08-08,South_India,Web,14.779
2026-08-08,South_India,Mobile_App,16.826
2026-08-08,South_India,Store,9.9
2026-08-08,East_India,Web,12.292
2026-08-08,East_India,Mobile_App,11.718
2026-08-08,East_India,Store,8.203
2026-08-08,West_India,Web,12.672
2026-08-08,West_India,Mobile_App,15.544
2026-08-08,West_India,Store,9.24
2026-08-09,North_India,Web,15.511
2026-08-09,North_India,Mobile_App,17.205
2026-08-09,North_India,Store,11.246
2026-08-09,South_India,Web,14.991
2026-08-09,South_India,Mobile_App,17.08
2026-08-09,South_India,Store,10.514
2026-08-09,East_India,Web,11.277
2026-08-09,East_India,Mobile_App,13.271
2026-08-09,East_India,Store,8.903
2026-08-09,West_India,Web,12.082
2026-08-09,West_India,Mobile_App,14.814
2026-08-09,West_India,Store,10.137
2026-08-10,North_India,Web,15.189
2026-08-10,North_India,Mobile_App,16.34
2026-08-10,North_India,Store,10.916
2026-08-10,South_India,Web,12.7
2026-08-10,South_India,Mobile_App,15.206
2026-08-10,South_India,Store,10.386
2026-08-10,East_India,Web,11.693
2026-08-10,East_India,Mobile_App,10.77
2026-08-10,East_India,Store,7.815
2026-08-10,West_India,Web,12.9
2026-08-10,West_India,Mobile_App,12.768
2026-08-10,West_India,Store,8.378
2026-08-11,North_India,Web,16.029
2026-08-11,North_India,Mobile_App,16.304
2026-08-11,North_India,Store,10.785
2026-08-11,South_India,Web,12.458
2026-08-11,South_India,Mobile_App,13.444
2026-08-11,South_India,Store,9.697
2026-08-11,East_India,Web,10.384
2026-08-11,East_India,Mobile_App,12.668
2026-08-11,East_India,Store,8.442
2026-08-11,West_India,Web,12.024
2026-08-11,West_India,Mobile_App,12.909
2026-08-11,West_India,Store,8.473
2026-08-12,North_India,Web,14.878
2026-08-12,North_India,Mobile_App,10.342
2026-08-12,North_India,Store,9.594
2026-08-12,South_India,Web,11.627
2026-08-12,South_India,Mobile_App,13.335
2026-08-12,South_India,Store,9.846
2026-08-12,East_India,Web,10.488
2026-08-12,East_India,Mobile_App,11.539
2026-08-12,East_India,Store,7.174
2026-08-12,West_India,Web,11.153
2026-08-12,West_India,Mobile_App,12.465
2026-08-12,West_India,Store,8.091
2026-08-13,North_India,Web,14.264
2026-08-13,North_India,Mobile_App,10.557
2026-08-13,North_India,Store,10.704
2026-08-13,South_India,Web,11.888
2026-08-13,South_India,Mobile_App,14.667
2026-08-13,South_India,Store,10.183
2026-08-13,East_India,Web,10.785
2026-08-13,East_India,Mobile_App,12.213
2026-08-13,East_India,Store,7.824
2026-08-13,West_India,Web,12.649
2026-08-13,West_India,Mobile_App,12.236
2026-08-13,West_India,Store,7.881
2026-08-14,North_India,Web,13.165
2026-08-14,North_India,Mobile_App,10.033
2026-08-14,North_India,Store,10.261
2026-08-14,South_India,Web,11.998
2026-08-14,South_India,Mobile_App,14.505
2026-08-14,South_India,Store,9.894
2026-08-14,East_India,Web,10.41
2026-08-14,East_India,Mobile_App,11.618
2026-08-14,East_India,Store,8.065
2026-08-14,West_India,Web,10.825
2026-08-14,West_India,Mobile_App,12.199
2026-08-14,West_India,Store,9.534
2026-08-15,North_India,Web,16.101
2026-08-15,North_India,Mobile_App,10.557
2026-08-15,North_India,Store,11.247
2026-08-15,South_India,Web,13.887
2026-08-15,South_India,Mobile_App,17.824
2026-08-15,South_India,Store,11.121
2026-08-15,East_India,Web,12.144
2026-08-15,East_India,Mobile_App,13.215
2026-08-15,East_India,Store,7.649
2026-08-15,West_India,Web,13.156
2026-08-15,West_India,Mobile_App,16.131
2026-08-15,West_India,Store,9.833
2026-08-16,North_India,Web,16.298
2026-08-16,North_India,Mobile_App,11.439
2026-08-16,North_India,Store,11.488
2026-08-16,South_India,Web,13.956
2026-08-16,South_India,Mobile_App,15.763
2026-08-16,South_India,Store,10.439
2026-08-16,East_India,Web,11.859
2026-08-16,East_India,Mobile_App,13.304
2026-08-16,East_India,Store,8.788
2026-08-16,West_India,Web,14.398
2026-08-16,West_India,Mobile_App,15.956
2026-08-16,West_India,Store,9.071
2026-08-17,North_India,Web,14.055
2026-08-17,North_India,Mobile_App,9.362
2026-08-17,North_India,Store,9.884
2026-08-17,South_India,Web,12.528
2026-08-17,South_India,Mobile_App,15.584
2026-08-17,South_India,Store,9.604
2026-08-17,East_India,Web,10.622
2026-08-17,East_India,Mobile_App,12.114
2026-08-17,East_India,Store,7.441
2026-08-17,West_India,Web,11.036
2026-08-17,West_India,Mobile_App,14.566
2026-08-17,West_India,Store,8.769
2026-08-18,North_India,Web,13.899
2026-08-18,North_India,Mobile_App,9.215
2026-08-18,North_India,Store,10.131
2026-08-18,South_India,Web,12.527
2026-08-18,South_India,Mobile_App,16.348
2026-08-18,South_India,Store,10.078
2026-08-18,East_India,Web,11.173
2026-08-18,East_India,Mobile_App,12.783
2026-08-18,East_India,Store,7.998
2026-08-18,West_India,Web,12.061
2026-08-18,West_India,Mobile_App,13.56
2026-08-18,West_India,Store,8.191
2026-08-19,North_India,Web,13.162
2026-08-19,North_India,Mobile_App,9.668
2026-08-19,North_India,Store,11.635
2026-08-19,South_India,Web,12.097
2026-08-19,South_India,Mobile_App,14.629
2026-08-19,South_India,Store,10.08
2026-08-19,East_India,Web,10.551
2026-08-19,East_India,Mobile_App,11.654
2026-08-19,East_India,Store,8.201
2026-08-19,West_India,Web,11.983
2026-08-19,West_India,Mobile_App,13.8
2026-08-19,West_India,Store,7.971
2026-08-20,North_India,Web,15.138
2026-08-20,North_India,Mobile_App,9.964
2026-08-20,North_India,Store,10.99
2026-08-20,South_India,Web,13.364
2026-08-20,South_India,Mobile_App,16.227
2026-08-20,South_India,Store,9.597
2026-08-20,East_India,Web,10.934
2026-08-20,East_India,Mobile_App,11.176
2026-08-20,East_India,Store,7.79
2026-08-20,West_India,Web,12.024
2026-08-20,West_India,Mobile_App,12.892
2026-08-20,West_India,Store,7.867
